name;alpha-3;alpha-2;continent
Afghanistan;AFG;AF;Asia
Åland Islands;ALA;AX;North America
Albania;ALB;AL;Europe
Algeria;DZA;DZ;Africa
American Samoa;ASM;AS;South America
Andorra;AND;AD;Europe
Angola;AGO;AO;Africa
Anguilla;AIA;AI;North America
Antarctica;ATA;AQ;Africa
Antigua and Barbuda;ATG;AG;North America
Argentina;ARG;AR;South America
Armenia;ARM;AM;Europe
Aruba;ABW;AW;North America
Australia;AUS;AU;Oceania
Austria;AUT;AT;Europe
Azerbaijan;AZE;AZ;Europe
Bahamas;BHS;BS;North America
Bahrain;BHR;BH;Asia
Bangladesh;BGD;BD;Asia
Barbados;BRB;BB;North America
Belarus;BLR;BY;Europe
Belgium;BEL;BE;Europe
Belize;BLZ;BZ;North America
Benin;BEN;BJ;Africa
Bermuda;BMU;BM;North America
Bhutan;BTN;BT;Asia
Bolivia;BOL;BO;South America
Bosnia and Herzegovina;BIH;BA;Europe
Botswana;BWA;BW;Africa
Bouvet Island;BVT;BV;Asia
Brazil;BRA;BR;South America
Virgin Islands;VGB;VG;North America
British Indian Ocean Territory;IOT;IO;Asia
Brunei Darussalam;BRN;BN;Asia
Bulgaria;BGR;BG;Europe
Burkina Faso;BFA;BF;Africa
Burundi;BDI;BI;Africa
Cambodia;KHM;KH;Asia
Cameroon;CMR;CM;Africa
Canada;CAN;CA;North America
Cabo Verde;CPV;CV;Africa
Cayman Islands;CYM;KY;North America
Central African Republic;CAF;CF;Africa
Chad;TCD;TD;Africa
Chile;CHL;CL;South America
China;CHN;CN;Asia
Hong Kong;HKG;HK;Asia
Macao;MAC;MO;Asia
Christmas Island;CXR;CX;Asia
Cocos (Keeling) Islands;CCK;CC;Asia
Colombia;COL;CO;South America
Comoros;COM;KM;Africa
Congo;COG;CG;Africa
Congo, Democratic Republic of the;COD;CD;Asia
Cook Islands;COK;CK;Oceania
Costa Rica;CRI;CR;North America
Côte d'Ivoire;CIV;CI;Africa
Croatia;HRV;HR;Europe
Cuba;CUB;CU;North America
Cyprus;CYP;CY;Europe
Czechia;CZE;CZ;Europe
Denmark;DNK;DK;Europe
Djibouti;DJI;DJ;Africa
Dominica;DMA;DM;North America
Dominican Republic;DOM;DO;North America
Ecuador;ECU;EC;South America
Egypt;EGY;EG;Africa
El Salvador;SLV;SV;North America
Equatorial Guinea;GNQ;GQ;Africa
Eritrea;ERI;ER;Africa
Estonia;EST;EE;Europe
Ethiopia;ETH;ET;Africa
Falkland Islands;FLK;FK;South America
Faroe Islands;FRO;FO;Europe
Fiji;FJI;FJ;Oceania
Finland;FIN;FI;Europe
France;FRA;FR;Europe
French Guiana;GUF;GF;South America
French Polynesia;PYF;PF;Oceania
French Southern Territories;ATF;TF;Antarctica
Gabon;GAB;GA;Africa
Gambia;GMB;GM;Africa
Georgia;GEO;GE;Europe
Germany;DEU;DE;Europe
Ghana;GHA;GH;Africa
Gibraltar;GIB;GI;Europe
Greece;GRC;GR;Europe
Greenland;GRL;GL;North America
Grenada;GRD;GD;North America
Guadeloupe;GLP;GP;North America
Guam;GUM;GU;North America
Guatemala;GTM;GT;North America
Guernsey;GGY;GG;South America
Guinea;GIN;GN;Africa
Guinea-Bissau;GNB;GW;Africa
Guyana;GUY;GY;South America
Haiti;HTI;HT;North America
Heard Island and McDonald Islands;HMD;HM;Asia
Holy See;VAT;VA;Asia
Hong Kong;HKG;HK;Asia
Honduras;HND;HN;North America
Hungary;HUN;HU;Europe
Iceland;ISL;IS;Europe
India;IND;IN;Asia
Indonesia;IDN;ID;Asia
Iran;IRN;IR;Asia
Iraq;IRQ;IQ;Asia
Ireland;IRL;IE;Europe
Isle of Man;IMN;IM;Asia
Israel;ISR;IL;Asia
Italy;ITA;IT;Europe
Jamaica;JAM;JM;North America
Japan;JPN;JP;Asia
Jersey;JEY;JE;Europe
Jordan;JOR;JO;Asia
Kazakhstan;KAZ;KZ;Europe
Kenya;KEN;KE;Africa
Kiribati;KIR;KI;Oceania
Korea;PRK;KP;Asia
Korea, Republic of;KOR;KR;Asia
Kosovo;XKX;XK;Europe
Kuwait;KWT;KW;Asia
Kyrgyzstan;KGZ;KG;Asia
Lao People's Democratic Republic;LAO;LA;Asia
Latvia;LVA;LV;Europe
Lebanon;LBN;LB;Asia
Lesotho;LSO;LS;Africa
Liberia;LBR;LR;Africa
Libya;LBY;LY;Africa
Liechtenstein;LIE;LI;North America
Lithuania;LTU;LT;Europe
Luxembourg;LUX;LU;Europe
North Macedonia;MKD;MK;Europe
Madagascar;MDG;MG;Africa
Malawi;MWI;MW;Africa
Malaysia;MYS;MY;Asia
Maldives;MDV;MV;Asia
Mali;MLI;ML;Africa
Malta;MLT;MT;Europe
Marshall Islands;MHL;MH;Oceania
Martinique;MTQ;MQ;North America
Mauritania;MRT;MR;Africa
Mauritius;MUS;MU;Africa
Mayotte;MYT;YT;Asia
Mexico;MEX;MX;North America
Micronesia;FSM;FM;Oceania
Moldova, Republic of;MDA;MD;Europe
Monaco;MCO;MC;Africa
Mongolia;MNG;MN;Asia
Montenegro;MNE;ME;Europe
Montserrat;MSR;MS;North America
Morocco;MAR;MA;Africa
Mozambique;MOZ;MZ;Africa
Myanmar;MMR;MM;Asia
Namibia;NAM;NA;Africa
Nauru;NRU;NR;Oceania
Nepal;NPL;NP;Asia
Netherlands;NLD;NL;Europe
New Caledonia;NCL;NC;Oceania
New Zealand;NZL;NZ;Oceania
Nicaragua;NIC;NI;North America
Niger;NER;NE;Africa
Nigeria;NGA;NG;Africa
Niue;NIU;NU;Oceania
Norfolk Island;NFK;NF;Oceania
Northern Mariana Islands;MNP;MP;Oceania
Norway;NOR;NO;Europe
Oman;OMN;OM;Asia
Pakistan;PAK;PK;Asia
Palau;PLW;PW;Oceania
Palestine, State of;PSE;PS;Asia
Panama;PAN;PA;North America
Papua New Guinea;PNG;PG;Oceania
Paraguay;PRY;PY;South America
Peru;PER;PE;South America
Philippines;PHL;PH;Asia
Pitcairn;PCN;PN;Oceania
Poland;POL;PL;Europe
Portugal;PRT;PT;Europe
Puerto Rico;PRI;PR;North America
Qatar;QAT;QA;Asia
Réunion;REU;RE;Africa
Romania;ROU;RO;Europe
Russian Federation;RUS;RU;Europe
Rwanda;RWA;RW;Africa
Saint Barthélemy;BLM;BL;Africa
Saint Helena, Ascension and Tristan da Cunha;SHN;SH;Africa
Saint Kitts and Nevis;KNA;KN;North America
Saint Lucia;LCA;LC;North America
Saint Martin;MAF;MF;Europe
Sint Maarten;SXM;SX;North America
Saint Pierre and Miquelon;SPM;PM;North America
Saint Vincent and the Grenadines;VCT;VC;North America
Samoa;WSM;WS;Oceania
San Marino;SMR;SM;Europe
Sao Tome and Principe;STP;ST;Africa
Saudi Arabia;SAU;SA;Asia
Senegal;SEN;SN;Africa
Serbia;SRB;RS;Europe
Seychelles;SYC;SC;Africa
Sierra Leone;SLE;SL;Africa
Singapore;SGP;SG;Asia
Slovakia;SVK;SK;Europe
Slovenia;SVN;SI;Europe
Solomon Islands;SLB;SB;Oceania
Somalia;SOM;SO;Africa
South Africa;ZAF;ZA;Africa
South Georgia and the South Sandwich Islands;SGS;GS;Europe
South Sudan;SSD;SS;South America
Spain;ESP;ES;Europe
Sri Lanka;LKA;LK;Asia
Sudan;SDN;SD;Africa
Suriname;SUR;SR;South America
Svalbard and Jan Mayen;SJM;SJ;Europe
Eswatini;SWZ;SZ;Africa
Sweden;SWE;SE;Europe
Switzerland;CHE;CH;Europe
Syrian Arab Republic;SYR;SY;Asia
Taiwan, Province of China;TWN;TW;Asia
Tajikistan;TJK;TJ;Asia
Tanzania, United Republic of;TZA;TZ;Africa
Thailand;THA;TH;Asia
Timor-Leste;TLS;TL;Oceania
Togo;TGO;TG;Africa
Tokelau;TKL;TK;Oceania
Tonga;TON;TO;Oceania
Trinidad and Tobago;TTO;TT;North America
Tunisia;TUN;TN;Africa
Turkey;TUR;TR;Europe
Turkmenistan;TKM;TM;Asia
Turks and Caicos Islands;TCA;TC;North America
Tuvalu;TUV;TV;Oceania
Uganda;UGA;UG;Africa
Ukraine;UKR;UA;Europe
United Arab Emirates;ARE;AE;Asia
United Kingdom of Great Britain and Northern Ireland;GBR;GB;Europe
United States of America;USA;US;North America
United States Minor Outlying Islands;UMI;UM;Africa
Uruguay;URY;UY;South America
Uzbekistan;UZB;UZ;Asia
Vanuatu;VUT;VU;Oceania
Venezuela;VEN;VE;South America
Viet Nam;VNM;VN;Asia
Virgin Islands;VIR;VI;North America
Wallis and Futuna;WLF;WF;Oceania
Western Sahara;ESH;EH;Africa
Yemen;YEM;YE;Asia
Zambia;ZMB;ZM;Africa
Zimbabwe;ZWE;ZW;Africa