origin,destination,distance
AD,AD,0
AD,AE,5219.962
AD,AF,5705.718
AD,AG,6569.94
AD,AI,6591.824
AD,AL,1542.518
AD,AM,3598.751
AD,AO,6202.438
AD,AQ,15256.951
AD,AR,11148.955
AD,AS,16638.221
AD,AT,1155.851
AD,AU,15277.054
AD,AW,7565.609
AD,AX,2281.703
AD,AZ,3800.028
AD,BA,1309.304
AD,BB,6668.034
AD,BD,8157.703
AD,BE,911.469
AD,BF,3383.909
AD,BG,1947.24
AD,BH,4793.593
AD,BI,5846.56
AD,BJ,3696.615
AD,BL,6600.085
AD,BM,5818.173
AD,BN,11518.746
AD,BO,9324.179
AD,BQ,7466.494
AD,BR,8343.526
AD,BS,7291.422
AD,BT,7893.99
AD,BV,10783.754
AD,BW,7592.632
AD,BY,2295.923
AD,BZ,8733.66
AD,CA,7140.941
AD,CA-AB,7629.332
AD,CA-BC,8053.365
AD,CA-MB,6739.899
AD,CA-NB,5264.597
AD,CA-NL,4658.373
AD,CA-NS,5057.773
AD,CA-NT,6969.176
AD,CA-NU,5983.206
AD,CA-ON,6281.185
AD,CA-PE,5012.44
AD,CA-QC,5378.861
AD,CA-SK,7172.76
AD,CA-YT,7545.379
AD,CC,11346.514
AD,CD,4964.59
AD,CF,4424.463
AD,CG,5012.911
AD,CH,706.696
AD,CI,3955.131
AD,CK,17079.142
AD,CL,11426.02
AD,CM,4051.175
AD,CN,8292.572
AD,CO,8510.584
AD,CR,8897.85
AD,CU,7563.096
AD,CV,3826.49
AD,CW,7508.135
AD,CX,11941.951
AD,CY,2858.537
AD,CZ,1335.954
AD,DE,1169.274
AD,DJ,5218.484
AD,DK,1626.388
AD,DM,6653.465
AD,DO,7136.666
AD,DZ,1613.709
AD,EC,9311.853
AD,EE,2407.977
AD,EG,3166.423
AD,EH,2434.213
AD,ER,4738.127
AD,ES,502.025
AD,ET,5298.661
AD,FI,2677.02
AD,FJ,17120.096
AD,FK,12024.555
AD,FM,13630.331
AD,FO,2223.602
AD,FR,412.229
AD,GA,4923.445
AD,GB,1472.494
AD,GD,6903.608
AD,GE,3391.609
AD,GF,6884.303
AD,GG,833.252
AD,GH,3855.893
AD,GI,929.184
AD,GL,4016.433
AD,GM,3621.332
AD,GN,3788.073
AD,GP,6596.699
AD,GQ,4628.593
AD,GR,1740.679
AD,GS,11393.801
AD,GT,8975.678
AD,GU,12744.38
AD,GW,3783.791
AD,GY,7257.166
AD,HK,10027.426
AD,HM,12652.697
AD,HN,8698.401
AD,HR,1125.767
AD,HT,7293.814
AD,HU,1497.466
AD,ID,11875.943
AD,IE,1410.237
AD,IL,3198.692
AD,IM,1375.59
AD,IN,7463.85
AD,IO,8903.524
AD,IQ,3793.24
AD,IR,4655.307
AD,IS,2807.666
AD,IT,905.634
AD,JE,795.583
AD,JM,7763.4
AD,JO,3337.649
AD,JP,10217.143
AD,KE,5959.884
AD,KG,5860.113
AD,KH,10131.195
AD,KI,15554.707
AD,KM,7424.972
AD,KN,6629.406
AD,KP,9315.806
AD,KR,9724.372
AD,KW,4325.391
AD,KY,7929.051
AD,KZ,4992.085
AD,LA,9377.598
AD,LB,3121.48
AD,LC,6731.378
AD,LI,806.064
AD,LK,8530.654
AD,LR,4160.142
AD,LS,8473.499
AD,LT,2134.21
AD,LU,879.839
AD,LV,2275.961
AD,LY,2294.701
AD,MA,1420.683
AD,MC,490.574
AD,MD,2162.064
AD,ME,1451.494
AD,MF,6600.197
AD,MG,8243.24
AD,MH,14391.152
AD,MK,1661.868
AD,ML,2827.27
AD,MM,8721.678
AD,MN,7478.752
AD,MO,10003.816
AD,MP,12394.616
AD,MQ,6681.48
AD,MR,2665.331
AD,MS,6624.553
AD,MT,1320.652
AD,MU,9037.759
AD,MV,8267.537
AD,MW,7045.035
AD,MX,9330.704
AD,MY,10534.797
AD,MZ,7642.639
AD,NA,7487.098
AD,NC,17184.279
AD,NE,2840.062
AD,NF,18078.665
AD,NG,3784.554
AD,NI,8786.121
AD,NL,1101.241
AD,NO,2046.491
AD,NP,7344.71
AD,NR,15118.06
AD,NU,17282.385
AD,NZ,19428.67
AD,OM,5518.661
AD,PA,8744.498
AD,PE,9622.846
AD,PF,16125.253
AD,PG,14550.697
AD,PH,11357.073
AD,PK,6044.818
AD,PL,1678.039
AD,PM,4492.088
AD,PN,14984.945
AD,PR,6880.136
AD,PS,3175.674
AD,PT,895.345
AD,PW,12695.657
AD,PY,9570.843
AD,QA,4875.404
AD,RE,8977.289
AD,RO,1891.899
AD,RS,1575.567
AD,RU,6589.862
AD,RW,5701.561
AD,SA,4481.667
AD,SB,15803.345
AD,SC,7540.903
AD,SD,4297.027
AD,SE,2270.35
AD,SG,10901.913
AD,SH,7511.039
AD,SI,1136.213
AD,SJ,4023.908
AD,SK,1558.563
AD,SL,4009.523
AD,SM,892.251
AD,SN,3477.065
AD,SO,6040.622
AD,SR,7106.784
AD,SS,4920.62
AD,ST,4736.774
AD,SV,9016
AD,SX,6603.23
AD,SY,3329.275
AD,SZ,8267.67
AD,TC,7065.662
AD,TD,3427.131
AD,TF,12153.382
AD,TG,3773.241
AD,TH,9565.833
AD,TJ,5718.291
AD,TK,16227.04
AD,TL,17620.493
AD,TM,4801.68
AD,TN,1185.281
AD,TO,17620.493
AD,TR,2842.57
AD,TT,6990.246
AD,TV,16055.641
AD,TW,10383.521
AD,TZ,6395.637
AD,UA,2378.569
AD,UG,5503.055
AD,UM,12971.027
AD,US,7844.912
AD,US-AK,8026.145
AD,US-AL,7539.579
AD,US-AZ,9092.87
AD,US-AR,7704.058
AD,US-CA,9364.551
AD,US-CO,8326.281
AD,US-CT,5952.025
AD,US-DE,6278.852
AD,US-FL,7436.209
AD,US-GA,7253.418
AD,US-HI,12714.921
AD,US-ID,8493.634
AD,US-IL,7171.572
AD,US-IN,6967.565
AD,US-IA,7340.898
AD,US-KS,7895.994
AD,US-KY,6985.949
AD,US-LA,8018.556
AD,US-ME,5510.44
AD,US-MD,6353.998
AD,US-MA,5785.818
AD,US-MI,6685.679
AD,US-MN,7125.882
AD,US-MS,7722.63
AD,US-MO,7515.998
AD,US-MT,8031.528
AD,US-NE,7811.312
AD,US-NV,9022.518
AD,US-NH,5760.753
AD,US-NJ,6131.715
AD,US-NM,8722.161
AD,US-NY,6066.728
AD,US-NC,6732.948
AD,US-ND,7420.206
AD,US-OH,6729.806
AD,US-OK,8088.373
AD,US-OR,8821.654
AD,US-PA,6325.103
AD,US-RI,5834.535
AD,US-SC,6962.467
AD,US-SD,7615.832
AD,US-TN,7303.128
AD,US-TX,8506.915
AD,US-UT,8668.893
AD,US-VT,5766.832
AD,US-VA,6604.163
AD,US-WA,8492.683
AD,US-WV,6696.901
AD,US-WI,6931.564
AD,US-WY,8149.192
AD,UY,10189.528
AD,UZ,5084.539
AD,VA,895.798
AD,VC,6824.505
AD,VE,7745.526
AD,VG,6706.389
AD,VI,6733.338
AD,VN,10267.706
AD,VU,16686.421
AD,WF,16812.95
AD,WS,16757.49
AD,XK,1577.047
AD,YE,5363.073
AD,YT,7590.228
AD,ZA,8416.617
AD,ZM,6746.226
AD,ZW,7405.132
AE,AD,5219.962
AE,AE,0
AE,AF,1784.342
AE,AG,11703.119
AE,AI,11751.03
AE,AL,3694.273
AE,AM,2026.976
AE,AO,5489.396
AE,AQ,12469.72
AE,AR,13938.46
AE,AS,15161.215
AE,AT,4380.921
AE,AU,10164.333
AE,AW,12715.314
AE,AX,4895.167
AE,AZ,1949.868
AE,BA,3999.543
AE,BB,11709.229
AE,BD,3711.028
AE,BE,5184.793
AE,BF,5960.572
AE,BG,3376.185
AE,BH,427.593
AE,BI,3950.029
AE,BJ,5685.105
AE,BL,11754.463
AE,BM,11022.914
AE,BN,6842.732
AE,BO,13471.615
AE,BQ,12596.19
AE,BR,12214.507
AE,BS,12490.145
AE,BT,3687.702
AE,BV,9905.514
AE,BW,5985.774
AE,BY,4003.263
AE,BZ,13922.325
AE,CA,10973.597
AE,CA-AB,11230.05
AE,CA-BC,11293.899
AE,CA-MB,10863.729
AE,CA-NB,10218.723
AE,CA-NL,9425.007
AE,CA-NS,10081.628
AE,CA-NT,10157.804
AE,CA-NU,9766.343
AE,CA-ON,10802.798
AE,CA-PE,10007.478
AE,CA-QC,10075.375
AE,CA-SK,11032.643
AE,CA-YT,10232.372
AE,CC,6127.964
AE,CD,4874.735
AE,CF,3981.501
AE,CG,4923.715
AE,CH,4802.872
AE,CI,6558.667
AE,CK,16555.633
AE,CL,14629.876
AE,CM,4769.538
AE,CN,5000.879
AE,CO,13590.989
AE,CR,14111.36
AE,CU,12777.599
AE,CV,8099.271
AE,CW,12644.065
AE,CX,6778.429
AE,CY,2361.908
AE,CZ,4429.773
AE,DE,4814.909
AE,DJ,1754.986
AE,DK,5111.755
AE,DM,11757.469
AE,DO,12342.595
AE,DZ,5214.115
AE,EC,14323.079
AE,EE,4525.435
AE,EG,2347.277
AE,EH,6718.558
AE,ER,1735.793
AE,ES,5648.238
AE,ET,2130.684
AE,FI,4778.099
AE,FJ,14308.428
AE,FK,13622.942
AE,FM,10357.032
AE,FO,6206.722
AE,FR,5234.379
AE,GA,5298.097
AE,GB,5836.553
AE,GD,11954.791
AE,GE,2313.455
AE,GF,11551.448
AE,GG,5649.74
AE,GH,6082.141
AE,GI,5795.886
AE,GL,7762.894
AE,GM,7316.472
AE,GN,6880.855
AE,GP,11731.546
AE,GQ,5279.176
AE,GR,3479.542
AE,GS,12095.22
AE,GT,14162.707
AE,GU,9512.058
AE,GW,7366.385
AE,GY,12084.748
AE,HK,6125.703
AE,HM,8717.442
AE,HN,13910.32
AE,HR,4231.295
AE,HT,12507.764
AE,HU,4028.878
AE,ID,7017.687
AE,IE,6103.15
AE,IL,2056.55
AE,IM,5879.016
AE,IN,2604.883
AE,IO,3845.812
AE,IQ,1474.046
AE,IR,1001.303
AE,IS,6857.271
AE,IT,4319.709
AE,JE,5613.364
AE,JM,12983.242
AE,JO,1914.576
AE,JP,8019.553
AE,KE,3124.46
AE,KG,2773.453
AE,KH,5513.166
AE,KI,14928.297
AE,KM,4072.364
AE,KN,11775.611
AE,KP,7004.696
AE,KR,7111.935
AE,KW,911.119
AE,KY,13142.87
AE,KZ,2969.136
AE,LA,5020.72
AE,LB,2098.567
AE,LC,11805.064
AE,LI,4719.989
AE,LK,3350.534
AE,LR,7001.45
AE,LS,6501.6
AE,LT,4304.224
AE,LU,5049.271
AE,LV,4404.351
AE,LY,3696.04
AE,MA,6000.82
AE,MC,4776.859
AE,MD,3495.24
AE,ME,3820.935
AE,MF,11757.644
AE,MG,4752.169
AE,MH,12413.713
AE,MK,3592.886
AE,ML,6021.81
AE,MM,4308.481
AE,MN,5126.261
AE,MO,6074.371
AE,MP,9401.845
AE,MQ,11768.613
AE,MR,6617.203
AE,MS,11757.004
AE,MT,4026.927
AE,MU,4883.809
AE,MV,3065.014
AE,MW,4599.428
AE,MX,14194.919
AE,MY,5582.929
AE,MZ,5084.923
AE,NA,6418.496
AE,NC,13051.145
AE,NE,4790.626
AE,NF,13496.276
AE,NG,5053.949
AE,NI,14005.758
AE,NL,5185.7
AE,NO,5385.001
AE,NP,3069.828
AE,NR,12376.845
AE,NU,15475.087
AE,NZ,14250.971
AE,OM,301.081
AE,PA,13937.463
AE,PE,14364.9
AE,PF,17514.435
AE,PG,10297.15
AE,PH,7212.562
AE,PK,1717.845
AE,PL,4326.073
AE,PM,9529.43
AE,PN,19821.903
AE,PR,12064.25
AE,PS,2059.305
AE,PT,6031.021
AE,PW,8734.705
AE,PY,13178.941
AE,QA,344.761
AE,RE,4955.91
AE,RO,3601.95
AE,RS,3762.353
AE,RU,5731.047
AE,RW,3832.159
AE,SA,894.437
AE,SB,12087.011
AE,SC,3130.072
AE,SD,2753.461
AE,SE,4903.519
AE,SG,5912.789
AE,SH,8685.316
AE,SI,4290.049
AE,SJ,6293.184
AE,SK,4099.63
AE,SL,7154.329
AE,SM,4393.095
AE,SN,7189.88
AE,SO,2190.942
AE,SR,11842.55
AE,SS,3030.403
AE,ST,5711.76
AE,SV,14223.539
AE,SX,11760.221
AE,SY,1914.709
AE,SZ,6052.702
AE,TC,12285.09
AE,TD,3776.816
AE,TF,8229.148
AE,TG,5865.733
AE,TH,4986.543
AE,TJ,2378.395
AE,TK,14902.674
AE,TL,14987.275
AE,TM,1810.794
AE,TN,4441.168
AE,TO,14987.275
AE,TR,2463.61
AE,TT,12004.296
AE,TV,13761.724
AE,TW,6770.206
AE,TZ,3900.672
AE,UA,3418.078
AE,UG,3378.181
AE,UM,11318.674
AE,US,12569.097
AE,US-AK,10027.871
AE,US-AL,12545.933
AE,US-AZ,13428.989
AE,US-AR,12560.625
AE,US-CA,13283.727
AE,US-CO,12700.024
AE,US-CT,10956.253
AE,US-DE,11311.632
AE,US-FL,12582.136
AE,US-GA,12313.572
AE,US-HI,14274.004
AE,US-ID,12420.685
AE,US-IL,11942.394
AE,US-IN,11810.731
AE,US-IA,11997.277
AE,US-KS,12499.291
AE,US-KY,11919.706
AE,US-LA,12966.003
AE,US-ME,10468.175
AE,US-MD,11370.451
AE,US-MA,10791.508
AE,US-MI,11428.251
AE,US-MN,11597.703
AE,US-MS,12687.169
AE,US-MO,12305.511
AE,US-MT,12038.218
AE,US-NE,12306.414
AE,US-NV,13021.909
AE,US-NH,10745.739
AE,US-NJ,11154.075
AE,US-NM,13223.302
AE,US-NY,11079.795
AE,US-NC,11785.545
AE,US-ND,11710.12
AE,US-OH,11624.869
AE,US-OK,12831.666
AE,US-OR,12517.844
AE,US-PA,11284.662
AE,US-RI,10857.714
AE,US-SC,12033.03
AE,US-SD,12004.671
AE,US-TN,12249.976
AE,US-TX,13253.051
AE,US-UT,12864.66
AE,US-VT,10705.241
AE,US-VA,11636.16
AE,US-WA,12082.268
AE,US-WV,11669.043
AE,US-WI,11626.839
AE,US-WY,12372.611
AE,UY,13149.648
AE,UZ,2232.089
AE,VA,4329.718
AE,VC,11885.149
AE,VE,12751.162
AE,VG,11879.538
AE,VI,11907.413
AE,VN,5792.781
AE,VU,13000.507
AE,WF,14561.228
AE,WS,15075.55
AE,XK,3701.826
AE,YE,1038.122
AE,YT,4140.164
AE,ZA,6848.361
AE,ZM,4952.006
AE,ZW,5426.527
AF,AD,5705.718
AF,AE,1784.342
AF,AF,0
AF,AG,12222.866
AF,AI,12218.59
AF,AL,4214.131
AF,AM,2118.48
AF,AO,7271.115
AF,AQ,13448.286
AF,AR,15668.572
AF,AS,13682.009
AF,AT,4626.7
AF,AU,9586.84
AF,AW,13181.095
AF,AX,4545.206
AF,AZ,1910.119
AF,BA,4396.955
AF,BB,12364.145
AF,BD,2475.604
AF,BE,5343.487
AF,BF,7348.768
AF,BG,3768.247
AF,BH,1866.958
AF,BI,5733.725
AF,BJ,7167.292
AF,BL,12232.217
AF,BM,11127.227
AF,BN,5843.879
AF,BO,14790.406
AF,BQ,13105.102
AF,BR,13603.462
AF,BS,12492.951
AF,BT,2280.704
AF,BV,11587.706
AF,BW,7736.805
AF,BY,3797.992
AF,BZ,13795.999
AF,CA,9983.985
AF,CA-AB,10121.974
AF,CA-BC,10051.05
AF,CA-MB,10018.069
AF,CA-NB,9975.709
AF,CA-NL,9094.228
AF,CA-NS,9921.244
AF,CA-NT,9002.338
AF,CA-NU,8876.477
AF,CA-ON,10181.773
AF,CA-PE,9821.682
AF,CA-QC,9635.64
AF,CA-SK,10049.13
AF,CA-YT,8913.302
AF,CC,5982.576
AF,CD,6598.71
AF,CF,5675.757
AF,CG,6650.518
AF,CH,5108.329
AF,CI,7998.154
AF,CK,15172.654
AF,CL,16316.585
AF,CM,6378.179
AF,CN,3314.965
AF,CO,14165.232
AF,CR,14298.829
AF,CU,12847.623
AF,CV,9177.409
AF,CW,13139.926
AF,CX,6359.278
AF,CY,3127.396
AF,CZ,4562.374
AF,DE,4920.626
AF,DJ,3539.076
AF,DK,5004.428
AF,DM,12325.089
AF,DO,12652.724
AF,DZ,6223.291
AF,EC,14987.165
AF,EE,4160.43
AF,EG,3607.516
AF,EH,7711.526
AF,ER,3490.581
AF,ES,6197.354
AF,ET,3914.442
AF,FI,4277.47
AF,FJ,13005.293
AF,FK,15402.709
AF,FM,8888.91
AF,FO,5938.641
AF,FR,5572.981
AF,GA,6999.205
AF,GB,5813.537
AF,GD,12594.984
AF,GE,2314.263
AF,GF,12531.945
AF,GG,5858.865
AF,GH,7557.082
AF,GI,6489.744
AF,GL,7107.104
AF,GM,8543.032
AF,GN,8235.335
AF,GP,12247.761
AF,GQ,6945.244
AF,GR,4097.095
AF,GS,13857.172
AF,GT,14012.618
AF,GU,7998.31
AF,GW,8628.833
AF,GY,12953
AF,HK,4683.905
AF,HM,9692.825
AF,HN,13894.132
AF,HR,4586.283
AF,HT,12765.29
AF,HU,4253.04
AF,ID,6171.679
AF,IE,6156.564
AF,IL,3085.359
AF,IM,5901.516
AF,IN,1851.55
AF,IO,4500.619
AF,IQ,2222.467
AF,IR,1314.617
AF,IS,6479.663
AF,IT,4833.63
AF,JE,5832.168
AF,JM,13142.48
AF,JO,2970.953
AF,JP,6276.149
AF,KE,4889.559
AF,KG,1018.697
AF,KH,4450.514
AF,KI,13274.532
AF,KM,5683.966
AF,KN,12269.489
AF,KP,5247.937
AF,KR,5391.032
AF,KW,1979.415
AF,KY,13187.484
AF,KZ,1567.044
AF,LA,3763.949
AF,LB,2927.433
AF,LC,12416.564
AF,LI,5007.268
AF,LK,3192.9
AF,LR,8424
AF,LS,8193.547
AF,LT,4098.413
AF,LU,5232.189
AF,LV,4115.084
AF,LY,4879.131
AF,MA,6825.192
AF,MC,5216.426
AF,MD,3591.626
AF,ME,4267.319
AF,MF,12228.849
AF,MG,6262.841
AF,MH,10790.001
AF,MK,4079.296
AF,ML,7268.449
AF,MM,3066.234
AF,MN,3342.081
AF,MO,4641.65
AF,MP,7828.683
AF,MQ,12361.458
AF,MR,7712.02
AF,MS,12277.102
AF,MT,4805.331
AF,MU,6131.656
AF,MV,3465.151
AF,MW,6327.047
AF,MX,13530.884
AF,MY,4842.505
AF,MZ,6770.124
AF,NA,8191.569
AF,NC,11987.789
AF,NE,6153.532
AF,NF,12629.487
AF,NG,6600.561
AF,NI,14073.936
AF,NL,5273.549
AF,NO,5112.744
AF,NP,1676.468
AF,NR,10889.807
AF,NU,14128.942
AF,NZ,13723.384
AF,OM,1801.249
AF,PA,14240.45
AF,PE,15323.217
AF,PF,15913.909
AF,PG,9147.103
AF,PH,5915.005
AF,PK,425.101
AF,PL,4326.99
AF,PM,9424.719
AF,PN,18226.35
AF,PR,12462.047
AF,PS,3025.988
AF,PT,6596.541
AF,PW,7412.989
AF,PY,14695.135
AF,QA,1856.857
AF,RE,6256.039
AF,RO,3827.405
AF,RS,4130.504
AF,RU,4055.725
AF,RW,5616.499
AF,SA,2462.316
AF,SB,10828.216
AF,SC,4481.946
AF,SD,4447.941
AF,SE,4557.513
AF,SG,5215.365
AF,SH,10438.619
AF,SI,4596.79
AF,SJ,5370.201
AF,SK,4248.482
AF,SL,8516.997
AF,SM,4813.467
AF,SN,8402.338
AF,SO,3894.986
AF,SR,12779.782
AF,SS,4796.002
AF,ST,7366.295
AF,SV,14158.038
AF,SX,12232.344
AF,SY,2628.071
AF,SZ,7733.73
AF,TC,12489.991
AF,TD,5298.814
AF,TF,9255.003
AF,TG,7346.165
AF,TH,3884.741
AF,TJ,633.421
AF,TK,13359.12
AF,TL,13748.478
AF,TM,918.412
AF,TN,5291.253
AF,TO,13748.478
AF,TR,2940.945
AF,TT,12690
AF,TV,12284.613
AF,TW,5252.935
AF,TZ,5657.512
AF,UA,3410.943
AF,UG,5162.455
AF,UM,9607.729
AF,US,11932.568
AF,US-AK,8550.754
AF,US-AL,12183.374
AF,US-AZ,12454.132
AF,US-AR,12037.931
AF,US-CA,12117.044
AF,US-CO,11816.09
AF,US-CT,10709.981
AF,US-DE,11073.213
AF,US-FL,12434.271
AF,US-GA,12039.156
AF,US-HI,12512.309
AF,US-ID,11337.515
AF,US-IL,11397.467
AF,US-IN,11338.246
AF,US-IA,11359.954
AF,US-KS,11779.561
AF,US-KY,11524.719
AF,US-LA,12501.09
AF,US-ME,10209.433
AF,US-MD,11108.059
AF,US-MA,10558.949
AF,US-MI,10904.582
AF,US-MN,10873.557
AF,US-MS,12264.23
AF,US-MO,11745.138
AF,US-MT,11026.376
AF,US-NE,11532.406
AF,US-NV,11915.382
AF,US-NH,10493.987
AF,US-NJ,10914.373
AF,US-NM,12367.922
AF,US-NY,10834.581
AF,US-NC,11538.753
AF,US-ND,10870.712
AF,US-OH,11215.052
AF,US-OK,12187.089
AF,US-OR,11329.925
AF,US-PA,10965.498
AF,US-RI,10640.333
AF,US-SC,11793.57
AF,US-SD,11193.78
AF,US-TN,11842.61
AF,US-TX,12572.568
AF,US-UT,11868.006
AF,US-VT,10409.224
AF,US-VA,11373.435
AF,US-WA,10892.582
AF,US-WV,11334.073
AF,US-WI,11050.301
AF,US-WY,11436.329
AF,UY,14824.013
AF,UZ,871.475
AF,VA,4842.469
AF,VC,12513.543
AF,VE,13441.837
AF,VG,12311.688
AF,VI,12336.538
AF,VN,4633.677
AF,VU,11793.153
AF,WF,13161.892
AF,WS,13626.345
AF,XK,4143.082
AF,YE,2806.656
AF,YT,5721.287
AF,ZA,8572.845
AF,ZM,6720.819
AF,ZW,7165.336
AG,AD,6569.94
AG,AE,11703.119
AG,AF,12222.866
AG,AG,0
AG,AI,186.554
AG,AL,8108.456
AG,AM,10154.219
AG,AO,9297.905
AG,AQ,12662.895
AG,AR,6171.674
AG,AS,12428.016
AG,AT,7601.301
AG,AU,18162.348
AG,AW,1012.974
AG,AX,7855.323
AG,AZ,10347.123
AG,BA,7869.806
AG,BB,493.312
AG,BD,14567.98
AG,BE,6882.165
AG,BF,6478.664
AG,BG,8513.356
AG,BH,11289.145
AG,BI,10299.619
AG,BJ,6966.887
AG,BL,152.27
AG,BM,1722.811
AG,BN,17583.545
AG,BO,3713.657
AG,BQ,897.79
AG,BR,3644.7
AG,BS,1843.549
AG,BT,14225.017
AG,BV,10036.602
AG,BW,10372.087
AG,BY,8470.327
AG,BZ,2835.166
AG,CA,5720.316
AG,CA-AB,6153.229
AG,CA-BC,6763.24
AG,CA-MB,5170.498
AG,CA-NB,3305.241
AG,CA-NL,4087.921
AG,CA-NS,3131.091
AG,CA-NT,6740.396
AG,CA-NU,5806.21
AG,CA-ON,4333.902
AG,CA-PE,3257.589
AG,CA-QC,4034.796
AG,CA-SK,5675.183
AG,CA-YT,7495.181
AG,CC,17657.693
AG,CD,8700.468
AG,CF,9023.437
AG,CG,8697.482
AG,CH,7123.169
AG,CI,6181.905
AG,CK,11486.083
AG,CL,5953.23
AG,CM,8089.316
AG,CN,13948.325
AG,CO,1945.382
AG,CR,2507.763
AG,CU,1748.288
AG,CV,4023.135
AG,CW,942.475
AG,CX,18477.394
AG,CY,9384.824
AG,CZ,7660.799
AG,DE,7306.892
AG,DJ,11111.21
AG,DK,7286.581
AG,DM,188.558
AG,DO,904.524
AG,DZ,6560.912
AG,EC,2764.638
AG,EE,8211.91
AG,EG,9409.769
AG,EH,5126.403
AG,ER,10699.305
AG,ES,6102.155
AG,ET,10993.98
AG,FI,8211.843
AG,FJ,13528.645
AG,FK,7659.734
AG,FM,15536.744
AG,FO,6539.479
AG,FR,6659.443
AG,GA,8273.163
AG,GB,6476.018
AG,GD,533.918
AG,GE,9926.483
AG,GF,1739.214
AG,GG,6365.646
AG,GH,6650.645
AG,GI,5910.203
AG,GL,6205.722
AG,GM,4992.103
AG,GN,5672.729
AG,GP,29.723
AG,GQ,8048.125
AG,GR,8283.014
AG,GS,8365.124
AG,GT,3033.472
AG,GU,15539.568
AG,GW,5042.577
AG,GY,1392.091
AG,HK,15605.078
AG,HM,14456.497
AG,HN,2617.694
AG,HR,7663.648
AG,HT,1129.063
AG,HU,7976.258
AG,ID,18146.054
AG,IE,6111.697
AG,IL,9647.48
AG,IM,6370.761
AG,IN,14027.261
AG,IO,14846.027
AG,IQ,10343.098
AG,IR,11224.573
AG,IS,6199.252
AG,IT,7471.058
AG,JE,6391.575
AG,JM,1646.738
AG,JO,9789.314
AG,JP,13728.144
AG,KE,11039.298
AG,KG,12143.401
AG,KH,16415.204
AG,KI,11917.219
AG,KM,12035.99
AG,KN,109.871
AG,KP,13560.151
AG,KR,14039.799
AG,KW,10848.318
AG,KY,1999.381
AG,KZ,11172.824
AG,LA,15566.109
AG,LB,9640.136
AG,LC,361.198
AG,LI,7222.473
AG,LK,15053.652
AG,LR,5804.363
AG,LS,10937.157
AG,LT,8186.371
AG,LU,6991.22
AG,LV,8209.305
AG,LY,8111.249
AG,MA,5713.879
AG,MC,7048.923
AG,MD,8632.718
AG,ME,8020.76
AG,MF,175.012
AG,MG,12519.071
AG,MH,13601.837
AG,MK,8231.189
AG,ML,6110.683
AG,MM,15050.105
AG,MN,12763.126
AG,MO,15620.253
AG,MP,15169.239
AG,MQ,281.407
AG,MR,5342.235
AG,MS,54.615
AG,MT,7680.485
AG,MU,13651.887
AG,MV,14589.235
AG,MW,11070.787
AG,MX,4297.071
AG,MY,17053.506
AG,MZ,11351.502
AG,NA,9790.375
AG,NC,15028.514
AG,NE,7370.323
AG,NF,14792.752
AG,NG,7648.557
AG,NI,2555.959
AG,NL,6961.717
AG,NO,7285.503
AG,NP,13771.574
AG,NR,14376.492
AG,NU,12463.923
AG,NZ,14020.098
AG,OM,11989.608
AG,PA,2263.895
AG,PE,3260.708
AG,PF,10333.395
AG,PG,16972.204
AG,PH,16662.832
AG,PK,12589.587
AG,PL,7906.955
AG,PM,3361.207
AG,PN,8492.442
AG,PR,524.068
AG,PS,9650.624
AG,PT,5707.194
AG,PW,16742.516
AG,PY,4518.468
AG,QA,11366.221
AG,RE,13455.575
AG,RO,8408.392
AG,RS,8133.006
AG,RU,11202.343
AG,RW,10248.317
AG,SA,10869.966
AG,SB,15411.297
AG,SC,13058.367
AG,SD,9800.081
AG,SE,7841.408
AG,SG,17430.696
AG,SH,7246.854
AG,SI,7641.47
AG,SJ,7985.321
AG,SK,7974.81
AG,SL,5493.064
AG,SM,7452.428
AG,SN,5062.172
AG,SO,11734.883
AG,SR,1590.969
AG,SS,10111.101
AG,ST,7710.883
AG,SV,2925.013
AG,SX,172.376
AG,SY,9877.272
AG,SZ,11158.593
AG,TC,1168.306
AG,TD,8530.264
AG,TF,14371.918
AG,TG,6827.752
AG,TH,15895.747
AG,TJ,12111.638
AG,TK,12419.632
AG,TL,13053.195
AG,TM,11304.772
AG,TN,7263.074
AG,TO,13053.195
AG,TR,9411.692
AG,TT,710.903
AG,TV,13480.781
AG,TW,15473.056
AG,TZ,10922.703
AG,UA,8812.27
AG,UG,10396.918
AG,UM,13355.969
AG,US,3994.905
AG,US-AK,8445.325
AG,US-AL,3038.264
AG,US-AZ,5236.406
AG,US-AR,3589.97
AG,US-CA,6020.913
AG,US-CO,4912.219
AG,US-CT,2934.029
AG,US-DE,2770.917
AG,US-FL,2336.045
AG,US-GA,2732.375
AG,US-HI,9744.126
AG,US-ID,5763.549
AG,US-IL,3723.89
AG,US-IN,3482.815
AG,US-IA,4056.579
AG,US-KS,4304.039
AG,US-KY,3184.971
AG,US-LA,3416.246
AG,US-ME,3214.737
AG,US-MD,2836.716
AG,US-MA,2961.687
AG,US-MI,3760.654
AG,US-MN,4469.273
AG,US-MS,3250.148
AG,US-MO,3735.55
AG,US-MT,5528.185
AG,US-NE,4528.491
AG,US-NV,5786.049
AG,US-NH,3048.983
AG,US-NJ,2831.192
AG,US-NM,4786.563
AG,US-NY,2879.204
AG,US-NC,2680.37
AG,US-ND,4892.896
AG,US-OH,3295.067
AG,US-OK,4020.505
AG,US-OR,6213.567
AG,US-PA,3065.393
AG,US-RI,2878.778
AG,US-SC,2622.58
AG,US-SD,4718.304
AG,US-TN,3194.636
AG,US-TX,4168.305
AG,US-UT,5345.296
AG,US-VT,3219.613
AG,US-VA,2766.64
AG,US-WA,6306.729
AG,US-WV,3016.412
AG,US-WI,3904.512
AG,US-WY,5157.196
AG,UY,5550.68
AG,UZ,11496.396
AG,VA,7461.463
AG,VC,456.572
AG,VE,1292.443
AG,VG,336.971
AG,VI,357.663
AG,VN,16387.29
AG,VU,14819.452
AG,WF,13106.875
AG,WS,12574.188
AG,XK,8146.23
AG,YE,11558.567
AG,YT,12198.019
AG,ZA,10476.954
AG,ZM,10395.839
AG,ZW,10713.606
AI,AD,6591.824
AI,AE,11751.03
AI,AF,12218.59
AI,AG,186.554
AI,AI,0
AI,AL,8133.099
AI,AM,10164.537
AI,AO,9459.367
AI,AQ,12786.232
AI,AR,6297.968
AI,AS,12310.723
AI,AT,7605.622
AI,AU,18109.08
AI,AW,973.807
AI,AX,7815.686
AI,AZ,10354.51
AI,BA,7885.957
AI,BB,674.319
AI,BD,14535.261
AI,BE,6875.113
AI,BF,6604.437
AI,BG,8530.414
AI,BH,11334.108
AI,BI,10439.931
AI,BJ,7097.793
AI,BL,37.052
AI,BM,1577.032
AI,BN,17473.244
AI,BO,3837.838
AI,BQ,886.635
AI,BR,3810.009
AI,BS,1661.939
AI,BT,14183.173
AI,BV,10217.434
AI,BW,10545.567
AI,BY,8450.313
AI,BZ,2693.958
AI,CA,5541.236
AI,CA-AB,5970.93
AI,CA-BC,6579.671
AI,CA-MB,4994.35
AI,CA-NB,3162.659
AI,CA-NL,3961.83
AI,CA-NS,2999.551
AI,CA-NT,6568.037
AI,CA-NU,5645.582
AI,CA-ON,4162.292
AI,CA-PE,3126.253
AI,CA-QC,3884.722
AI,CA-SK,5495.576
AI,CA-YT,7319.282
AI,CC,17761.446
AI,CD,8843.572
AI,CF,9148.081
AI,CG,8841.71
AI,CH,7130.156
AI,CI,6322.619
AI,CK,11399.129
AI,CL,6059.109
AI,CM,8218.14
AI,CN,13853.65
AI,CO,1947.71
AI,CR,2419.634
AI,CU,1580.972
AI,CV,4150.272
AI,CW,922.06
AI,CX,18528.263
AI,CY,9420.685
AI,CZ,7656.983
AI,DE,7298.407
AI,DJ,11205.069
AI,DK,7259.864
AI,DM,360.504
AI,DO,750.291
AI,DZ,6635.706
AI,EC,2776.374
AI,EE,8176.684
AI,EG,9472.708
AI,EH,5217.736
AI,ER,10786.883
AI,ES,6130.617
AI,ET,11096.9
AI,FI,8165.533
AI,FJ,13415.854
AI,FK,7793.132
AI,FM,15352.45
AI,FO,6486.009
AI,FR,6667.657
AI,GA,8420.192
AI,GB,6447.696
AI,GD,680.83
AI,GE,9931.806
AI,GF,1921.966
AI,GG,6359.865
AI,GH,6787.195
AI,GI,5955.155
AI,GL,6095.307
AI,GM,5123.044
AI,GN,5810.155
AI,GP,172.614
AI,GQ,8191.081
AI,GR,8313.813
AI,GS,8525.291
AI,GT,2898.345
AI,GU,15353.394
AI,GW,5178.518
AI,GY,1552.156
AI,HK,15488.273
AI,HM,14638.43
AI,HN,2488.928
AI,HR,7676.292
AI,HT,974.798
AI,HU,7980.849
AI,ID,18049.14
AI,IE,6087.372
AI,IL,9694.481
AI,IM,6345.953
AI,IN,14035.836
AI,IO,14960.518
AI,IQ,10375.079
AI,IR,11246.722
AI,IS,6126.228
AI,IT,7495.406
AI,JE,6386.934
AI,JM,1503.001
AI,JO,9836.454
AI,JP,13561.15
AI,KE,11166.829
AI,KG,12107.838
AI,KH,16349.783
AI,KI,11778.592
AI,KM,12185.21
AI,KN,100.585
AI,KP,13411.978
AI,KR,13889.095
AI,KW,10887.417
AI,KY,1845.986
AI,KZ,11133.985
AI,LA,15497.7
AI,LB,9677.823
AI,LC,528.799
AI,LI,7228.356
AI,LK,15099.59
AI,LR,5950.629
AI,LS,11116.973
AI,LT,8162.794
AI,LU,6987.054
AI,LV,8179.856
AI,LY,8184.983
AI,MA,5775.569
AI,MC,7067.025
AI,MD,8633.093
AI,ME,8040.482
AI,MF,15.442
AI,MG,12679.973
AI,MH,13430.57
AI,MK,8253.675
AI,ML,6222.255
AI,MM,15002.603
AI,MN,12660.225
AI,MO,15505.588
AI,MP,14983.974
AI,MQ,453.767
AI,MR,5445.207
AI,MS,189.068
AI,MT,7724.704
AI,MU,13812.45
AI,MV,14668.501
AI,MW,11227.315
AI,MX,4131.89
AI,MY,17030.332
AI,MZ,11516.3
AI,NA,9966.595
AI,NC,14924.136
AI,NE,7475.213
AI,NF,14720.736
AI,NG,7775.761
AI,NI,2443.209
AI,NL,6948.924
AI,NO,7243.853
AI,NP,13745.394
AI,NR,14214.559
AI,NU,12364.399
AI,NZ,13993.85
AI,OM,12040.125
AI,PA,2195.258
AI,PE,3318.008
AI,PF,10244.341
AI,PG,16800.805
AI,PH,16516.339
AI,PK,12591.898
AI,PL,7895.368
AI,PM,3253.595
AI,PN,8446.472
AI,PR,371.937
AI,PS,9694.58
AI,PT,5738.068
AI,PW,16559.465
AI,PY,4659.849
AI,QA,11412.137
AI,RE,13618.125
AI,RO,8415.16
AI,RS,8147.758
AI,RU,11087.927
AI,RW,10385.683
AI,SA,10927.559
AI,SB,15265.442
AI,SC,13183.51
AI,SD,9902.269
AI,SE,7801.885
AI,SG,17408.433
AI,SH,7432.37
AI,SI,7650.493
AI,SJ,7889.21
AI,SK,7974.217
AI,SL,5635.963
AI,SM,7469.537
AI,SN,5189.19
AI,SO,11842.824
AI,SR,1765.138
AI,SS,10227.44
AI,ST,7859.282
AI,SV,2801.481
AI,SX,19.854
AI,SY,9909.272
AI,SZ,11334.754
AI,TC,990.475
AI,TD,8634.279
AI,TF,14557.164
AI,TG,6961.379
AI,TH,15841.866
AI,TJ,12088.125
AI,TK,12291.79
AI,TL,12957.154
AI,TM,11300.185
AI,TN,7315.723
AI,TO,12957.154
AI,TR,9434.325
AI,TT,860.395
AI,TV,13341.274
AI,TW,15333.514
AI,TZ,11065.979
AI,UA,8808.055
AI,UG,10525.387
AI,UM,13171.507
AI,US,3808.665
AI,US-AK,8268.82
AI,US-AL,2852.551
AI,US-AZ,5054.741
AI,US-AR,3403.867
AI,US-CA,5837.545
AI,US-CO,4726.165
AI,US-CT,2768.77
AI,US-DE,2596.443
AI,US-FL,2152.663
AI,US-GA,2545.893
AI,US-HI,9573.911
AI,US-ID,5577.011
AI,US-IL,3538.588
AI,US-IN,3298.597
AI,US-IA,3870.917
AI,US-KS,4117.587
AI,US-KY,2999.906
AI,US-LA,3233.722
AI,US-ME,3063.443
AI,US-MD,2660.487
AI,US-MA,2801.843
AI,US-MI,3580.587
AI,US-MN,4286.178
AI,US-MS,3065.146
AI,US-MO,3549.006
AI,US-MT,5342.069
AI,US-NE,4341.964
AI,US-NV,5601.183
AI,US-NH,2889.651
AI,US-NJ,2660.683
AI,US-NM,4603.648
AI,US-NY,2710.538
AI,US-NC,2496.818
AI,US-ND,4708.55
AI,US-OH,3113.098
AI,US-OK,3835.507
AI,US-OR,6027.142
AI,US-PA,2890.13
AI,US-RI,2717.58
AI,US-SC,2436.621
AI,US-SD,4532.482
AI,US-TN,3008.104
AI,US-TX,3986.924
AI,US-UT,5159.773
AI,US-VT,3059.521
AI,US-VA,2585.259
AI,US-WA,6120.36
AI,US-WV,2834.186
AI,US-WI,3721.768
AI,US-WY,4970.642
AI,UY,5695.674
AI,UZ,11477.772
AI,VA,7485.722
AI,VC,612.678
AI,VE,1366.161
AI,VG,167.356
AI,VI,193.403
AI,VN,16302.568
AI,VU,14696.116
AI,WF,12988.052
AI,WS,12458.494
AI,XK,8165.751
AI,YE,11635.83
AI,YT,12348.485
AI,ZA,10658.556
AI,ZM,10555.281
AI,ZW,10881.309
AL,AD,1542.518
AL,AE,3694.273
AL,AF,4214.131
AL,AG,8108.456
AL,AI,8133.099
AL,AL,0
AL,AM,2095.656
AL,AO,5826.487
AL,AQ,14878.953
AL,AR,12251.926
AL,AS,16690.777
AL,AT,836.293
AL,AU,13745.513
AL,AW,9106.762
AL,AX,2115.13
AL,AZ,2305.532
AL,BA,368.685
AL,BB,8191.962
AL,BD,6685.959
AL,BE,1594.367
AL,BF,3848.328
AL,BG,473.501
AL,BH,3266.75
AL,BI,5048.996
AL,BJ,3952.036
AL,BL,8140.944
AL,BM,7329.141
AL,BN,10056.153
AL,BO,10684.131
AL,BQ,9005.706
AL,BR,9608.615
AL,BS,8798.329
AL,BT,6452.455
AL,BV,10748.171
AL,BW,7074.245
AL,BY,1511.88
AL,BZ,10235.231
AL,CA,8088.271
AL,CA-AB,8510.683
AL,CA-BC,8824.829
AL,CA-MB,7784.628
AL,CA-NB,6633.26
AL,CA-NL,5926.344
AL,CA-NS,6459.856
AL,CA-NT,7665.962
AL,CA-NU,6862.36
AL,CA-ON,7473.227
AL,CA-PE,6399.239
AL,CA-QC,6627.757
AL,CA-SK,8131.586
AL,CA-YT,8090.615
AL,CC,9812.377
AL,CD,4622.172
AL,CF,3841.681
AL,CG,4679.184
AL,CH,1142.38
AL,CI,4518.489
AL,CK,17800.457
AL,CL,12643.566
AL,CM,3835.275
AL,CN,7040.775
AL,CO,10045.745
AL,CR,10435.415
AL,CU,9083.408
AL,CV,5063.395
AL,CW,9048.029
AL,CX,10399.74
AL,CY,1337.312
AL,CZ,1030.077
AL,DE,1338.953
AL,DJ,3925.449
AL,DK,1848.589
AL,DM,8188.078
AL,DO,8677.468
AL,DZ,2227.066
AL,EC,10840.305
AL,EE,1969.038
AL,EG,1867.759
AL,EH,3588.957
AL,ER,3451.239
AL,ES,2008.105
AL,ET,4081.631
AL,FI,2339.585
AL,FJ,16635.714
AL,FK,12866.249
AL,FM,12620.198
AL,FO,2926.933
AL,FR,1545.67
AL,GA,4744.758
AL,GB,2335.69
AL,GD,8430.173
AL,GE,1922.508
AL,GF,8324.701
AL,GG,1993.629
AL,GH,4243.372
AL,GI,2275.86
AL,GL,4766.471
AL,GM,4610.856
AL,GN,4538.597
AL,GP,8135.454
AL,GQ,4503.569
AL,GR,270.687
AL,GS,11918.339
AL,GT,10476.572
AL,GU,11703.762
AL,GW,4739.973
AL,GY,8740.004
AL,HK,8705.913
AL,HM,11658.583
AL,HN,10216.143
AL,HR,595.72
AL,HT,8832.105
AL,HU,670.284
AL,ID,10379.471
AL,IE,2514.213
AL,IL,1728.691
AL,IM,2332.44
AL,IN,5934.416
AL,IO,7448.09
AL,IQ,2252.511
AL,IR,3116.361
AL,IS,3615.925
AL,IT,637.692
AL,JE,1954.277
AL,JM,9295.28
AL,JO,1859.484
AL,JP,9352.198
AL,KE,4915.045
AL,KG,4490.852
AL,KH,8662.933
AL,KI,15720.538
AL,KM,6378.911
AL,KN,8169.486
AL,KP,8365.327
AL,KR,8714.544
AL,KW,2791.735
AL,KY,9448.61
AL,KZ,3720.918
AL,LA,7945.242
AL,LB,1601.112
AL,LC,8261.309
AL,LI,1077.721
AL,LK,6989.145
AL,LR,4847.279
AL,LS,7912.162
AL,LT,1582.09
AL,LU,1453.645
AL,LV,1777.41
AL,LY,1669.694
AL,MA,2636.345
AL,MC,1083.194
AL,MD,953.171
AL,ME,184.995
AL,MF,8141.329
AL,MG,7209.633
AL,MH,13885.991
AL,MK,140.971
AL,ML,3491.114
AL,MM,7266.371
AL,MN,6396.754
AL,MO,8675.32
AL,MP,11410.636
AL,MQ,8213.511
AL,MR,3680.386
AL,MS,8163.05
AL,MT,767.844
AL,MU,7850.657
AL,MV,6754.9
AL,MW,6222.016
AL,MX,10703.657
AL,MY,9013.959
AL,MZ,6837.838
AL,NA,7130.92
AL,NC,16067.929
AL,NE,2861.287
AL,NF,16813.977
AL,NG,3741.233
AL,NI,10314.112
AL,NL,1661.087
AL,NO,2291.989
AL,NP,5877.745
AL,NR,14397.08
AL,NU,17379.517
AL,NZ,17901.569
AL,OM,3994.617
AL,PA,10286.327
AL,PE,11110.467
AL,PF,17221.589
AL,PG,13259.605
AL,PH,10013.758
AL,PK,4532.587
AL,PL,1199.659
AL,PM,5896.905
AL,PN,16512.337
AL,PR,8422.654
AL,PS,1686.27
AL,PT,2405.86
AL,PW,11436.908
AL,PY,10808.596
AL,QA,3349.608
AL,RE,7826.427
AL,RO,657.919
AL,RS,325.667
AL,RU,5837.342
AL,RW,4891.403
AL,SA,3004.062
AL,SB,14761.145
AL,SC,6231.5
AL,SD,3293.963
AL,SE,2112.505
AL,SG,9377.298
AL,SH,7900.899
AL,SI,693.966
AL,SJ,4083.427
AL,SK,836.519
AL,SL,4805.487
AL,SM,703.272
AL,SN,4461.721
AL,SO,4766.638
AL,SR,8566.829
AL,SS,3967.848
AL,ST,4755.542
AL,SV,10530.175
AL,SX,8144.325
AL,SY,1790.262
AL,SZ,7614.862
AL,TC,8599.24
AL,TD,2860.964
AL,TF,11145.577
AL,TG,4088.583
AL,TH,8096.73
AL,TJ,4297.309
AL,TK,16245.502
AL,TL,17365.275
AL,TM,3332.226
AL,TN,1235.99
AL,TO,17365.275
AL,TR,1304.136
AL,TT,8510.342
AL,TV,15623.049
AL,TW,9142.319
AL,TZ,5493.31
AL,UA,1180.799
AL,UG,4587.918
AL,UM,12457.879
AL,US,9146.797
AL,US-AK,8358.726
AL,US-AL,8951.294
AL,US-AZ,10281.48
AL,US-AR,9055.596
AL,US-CA,10423.058
AL,US-CO,9508.927
AL,US-CT,7351.232
AL,US-DE,7694.091
AL,US-FL,8912.192
AL,US-GA,8687.228
AL,US-HI,13245.035
AL,US-ID,9524.463
AL,US-IL,8481.94
AL,US-IN,8304.981
AL,US-IA,8608.401
AL,US-KS,9153.086
AL,US-KY,8361.947
AL,US-LA,9409.559
AL,US-ME,6883.344
AL,US-MD,7761.989
AL,US-MA,7184.442
AL,US-MI,7977.268
AL,US-MN,8317.057
AL,US-MS,9118.096
AL,US-MO,8838.593
AL,US-MT,9074.796
AL,US-NE,9026.38
AL,US-NV,10095.963
AL,US-NH,7149.134
AL,US-NJ,7540.96
AL,US-NM,9958.647
AL,US-NY,7471.045
AL,US-NC,8160.379
AL,US-ND,8549.03
AL,US-OH,8086.546
AL,US-OK,9401.119
AL,US-OR,9785.358
AL,US-PA,7706.494
AL,US-RI,7242.081
AL,US-SC,8399.615
AL,US-SD,8786.811
AL,US-TN,8687.605
AL,US-TX,9826.801
AL,US-UT,9798.248
AL,US-VT,7133.068
AL,US-VA,8021.135
AL,US-WA,9406.45
AL,US-WV,8087.19
AL,US-WI,8207.647
AL,US-WY,9273.601
AL,UY,11287.194
AL,UZ,3670.788
AL,VA,647.381
AL,VC,8352.473
AL,VE,9267.225
AL,VG,8248.619
AL,VI,8275.616
AL,VN,8828.844
AL,VU,15727.083
AL,WF,16538.409
AL,WS,16745.089
AL,XK,172.249
AL,YE,3939.467
AL,YT,6528.909
AL,ZA,7979.181
AL,ZM,6087.938
AL,ZW,6754.452
AM,AD,3598.751
AM,AE,2026.976
AM,AF,2118.48
AM,AG,10154.219
AM,AI,10164.537
AM,AL,2095.656
AM,AM,0
AM,AO,6351.868
AM,AQ,14421.087
AM,AR,14042.03
AM,AS,15383.905
AM,AT,2564.035
AM,AU,11680.494
AM,AW,11136.299
AM,AX,2870.566
AM,AZ,216.063
AM,BA,2290.17
AM,BB,10266.593
AM,BD,4591.319
AM,BE,3330.215
AM,BF,5496.904
AM,BG,1653.589
AM,BH,1655.637
AM,BI,5070.831
AM,BJ,5424.411
AM,BL,10175.286
AM,BM,9208.072
AM,BN,7961.22
AM,BO,12735.216
AM,BQ,11046.756
AM,BR,11605.647
AM,BS,10642.433
AM,BT,4368.617
AM,BV,11233.499
AM,BW,7252.121
AM,BY,1986.004
AM,BZ,12038
AM,CA,8983.251
AM,CA-AB,9274.897
AM,CA-BC,9401.428
AM,CA-MB,8846.436
AM,CA-NB,8256.45
AM,CA-NL,7434.004
AM,CA-NS,8144.593
AM,CA-NT,8238.926
AM,CA-NU,7762.629
AM,CA-ON,8777.52
AM,CA-PE,8061.251
AM,CA-QC,8067.022
AM,CA-SK,9040.213
AM,CA-YT,8411.737
AM,CC,7887.56
AM,CD,5369.402
AM,CF,4428.027
AM,CG,5427.727
AM,CH,3035.058
AM,CI,6173.247
AM,CK,16869.944
AM,CL,14545.59
AM,CM,4874.112
AM,CN,5111.303
AM,CO,12099.125
AM,CR,12377.761
AM,CU,10964.899
AM,CV,7101.672
AM,CW,11085.662
AM,CX,8383.766
AM,CY,1159.679
AM,CZ,2544.991
AM,DE,2924.308
AM,DJ,3149.775
AM,DK,3137.63
AM,DM,10245.26
AM,DO,10657.348
AM,DZ,4168.274
AM,EC,12907.541
AM,EE,2498.688
AM,EG,1973.341
AM,EH,5627.018
AM,ER,2814.249
AM,ES,4085.375
AM,ET,3467.99
AM,FI,2755.643
AM,FJ,14917.532
AM,FK,14307.457
AM,FM,10772.391
AM,FO,4204.648
AM,FR,3496.912
AM,GA,5668.816
AM,GB,3904.909
AM,GD,10501.462
AM,GE,286.656
AM,GF,10417.195
AM,GG,3832.459
AM,GH,5788.262
AM,GI,4371.372
AM,GL,5738.366
AM,GM,6539.39
AM,GN,6324.923
AM,GP,10180.243
AM,GQ,5525.39
AM,GR,1987.146
AM,GS,13025.558
AM,GT,12272.52
AM,GU,9857.521
AM,GW,6644.126
AM,GY,10835.042
AM,HK,6686.392
AM,HM,10714.067
AM,HN,12072.294
AM,HR,2490.903
AM,HT,10792.666
AM,HU,2189.555
AM,ID,8286.847
AM,IE,4209.139
AM,IL,1360.356
AM,IM,3967.439
AM,IN,3873.047
AM,IO,5847.56
AM,IQ,770.794
AM,IR,1149.285
AM,IS,4841.393
AM,IT,2717.254
AM,JE,3801.415
AM,JM,11218.699
AM,JO,1321.114
AM,JP,7759.394
AM,KE,4516.359
AM,KG,2499.416
AM,KH,6567.863
AM,KI,14709.919
AM,KM,5777.175
AM,KN,10208.257
AM,KP,6722.291
AM,KR,6991.074
AM,KW,1216.71
AM,KY,11322.457
AM,KZ,1950.548
AM,LA,5861.247
AM,LB,1067.65
AM,LC,10327.654
AM,LI,2937.972
AM,LK,5036.013
AM,LR,6568.094
AM,LS,7939.946
AM,LT,2291.519
AM,LU,3206.218
AM,LV,2381.381
AM,LY,2985.559
AM,MA,4715.031
AM,MC,3112.406
AM,MD,1563.467
AM,ME,2152.514
AM,MF,10173.805
AM,MG,6545.024
AM,MH,12408.407
AM,MK,1960.984
AM,ML,5307.27
AM,MM,5175.151
AM,MN,4693.239
AM,MO,6650.895
AM,MP,9621.536
AM,MQ,10276.161
AM,MR,5661.482
AM,MS,10208.78
AM,MT,2711.82
AM,MU,6842.317
AM,MV,4982.58
AM,MW,6032.264
AM,MX,12175.915
AM,MY,6936.169
AM,MZ,6604.997
AM,NA,7529.128
AM,NC,14054.708
AM,NE,4332.082
AM,NF,14737.334
AM,NG,4976.415
AM,NI,12208.744
AM,NL,3293.288
AM,NO,3374.006
AM,NP,3785.003
AM,NR,12700.241
AM,NU,15951.137
AM,NZ,15832.128
AM,OM,2306.118
AM,PA,12267.533
AM,PE,13205.481
AM,PF,17164.588
AM,PG,11217.06
AM,PH,7968.244
AM,PK,2446.091
AM,PL,2375.23
AM,PM,7607.447
AM,PN,18168.117
AM,PR,10432.467
AM,PS,1260.314
AM,PT,4484.817
AM,PW,9431.958
AM,PY,12767.445
AM,QA,1733.041
AM,RE,6889.949
AM,RO,1751.921
AM,RS,2024.762
AM,RU,4636.047
AM,RW,4919.447
AM,SA,1799.489
AM,SB,12826.07
AM,SC,5089.379
AM,SD,3354.652
AM,SE,2879.249
AM,SG,7304.082
AM,SH,9134.775
AM,SI,2514.05
AM,SJ,4346.944
AM,SK,2215.678
AM,SL,6605.425
AM,SM,2708.195
AM,SN,6393.815
AM,SO,3884.33
AM,SR,10661.995
AM,SS,3936.324
AM,ST,5894.901
AM,SV,12368.641
AM,SX,10177.059
AM,SY,791.758
AM,SZ,7536.813
AM,TC,10537.302
AM,TD,3738.214
AM,TF,10217.273
AM,TG,5592.972
AM,TH,6001.774
AM,TJ,2248.21
AM,TK,14991.257
AM,TL,15680.023
AM,TM,1249.895
AM,TN,3205.26
AM,TO,15680.023
AM,TR,848.701
AM,TT,10588.979
AM,TV,14057.96
AM,TW,7181.595
AM,TZ,5267.52
AM,UA,1436.912
AM,UG,4491.487
AM,UM,11070.193
AM,US,10546.708
AM,US-AK,8360.116
AM,US-AL,10569.561
AM,US-AZ,11417.005
AM,US-AR,10551.659
AM,US-CA,11323.755
AM,US-CO,10679.698
AM,US-CT,8998.984
AM,US-DE,9359.734
AM,US-FL,10673.294
AM,US-GA,10359.499
AM,US-HI,13049.818
AM,US-ID,10442.763
AM,US-IL,9927.319
AM,US-IN,9805.914
AM,US-IA,9973.367
AM,US-KS,10472.579
AM,US-KY,9930.912
AM,US-LA,10969.775
AM,US-ME,8503.312
AM,US-MD,9411.803
AM,US-MA,8837.041
AM,US-MI,9413.763
AM,US-MN,9570.761
AM,US-MS,10697.688
AM,US-MO,10290.026
AM,US-MT,10044.203
AM,US-NE,10279.894
AM,US-NV,11044.52
AM,US-NH,8785.124
AM,US-NJ,9200.447
AM,US-NM,11198.909
AM,US-NY,9123.867
AM,US-NC,9835.164
AM,US-ND,9688.87
AM,US-OH,9630.898
AM,US-OK,10809.393
AM,US-OR,10577.608
AM,US-PA,9309.565
AM,US-RI,8908.539
AM,US-SC,10087.164
AM,US-SD,9980.302
AM,US-TN,10260.755
AM,US-TX,11229.287
AM,US-UT,10860.567
AM,US-VT,8731.884
AM,US-VA,9679.646
AM,US-WA,10149.418
AM,US-WV,9692.782
AM,US-WI,9606.961
AM,US-WY,10360.813
AM,UY,13103.434
AM,UZ,1650.145
AM,VA,2726.223
AM,VC,10421.82
AM,VE,11344.223
AM,VG,10269.355
AM,VI,10295.398
AM,VN,6740.485
AM,VU,13800.833
AM,WF,14982.301
AM,WS,15368.474
AM,XK,2027.629
AM,YE,2746.873
AM,YT,5881.848
AM,ZA,8177.767
AM,ZM,6176.809
AM,ZW,6773.123
AO,AD,6202.438
AO,AE,5489.396
AO,AF,7271.115
AO,AG,9297.905
AO,AI,9459.367
AO,AL,5826.487
AO,AM,6351.868
AO,AO,0
AO,AQ,9130.65
AO,AR,8499.831
AO,AS,17166.912
AO,AT,6537.551
AO,AU,11979.022
AO,AW,10046.179
AO,AX,7935.568
AO,AZ,6478.037
AO,BA,6128.938
AO,BB,8959.79
AO,BD,8774.408
AO,BE,6983.801
AO,BF,3376.179
AO,BG,6047.372
AO,BH,5441.569
AO,BI,1587.436
AO,BJ,2856.795
AO,BL,9435.576
AO,BM,9991.982
AO,BN,10851.349
AO,BO,8761.884
AO,BQ,9871.601
AO,BR,7550.955
AO,BS,11056.154
AO,BT,8912.74
AO,BV,4974.023
AO,BW,1433.242
AO,BY,7280.834
AO,BZ,12093.265
AO,CA,13115.86
AO,CA-AB,13656.715
AO,CA-BC,14169.251
AO,CA-MB,12600.232
AO,CA-NB,10502.839
AO,CA-NL,10309.375
AO,CA-NS,10199.836
AO,CA-NT,13151.239
AO,CA-NU,12086.956
AO,CA-ON,11893.312
AO,CA-PE,10229.503
AO,CA-QC,10972.953
AO,CA-SK,13130.132
AO,CA-YT,13747.453
AO,CC,8568.511
AO,CD,1241.086
AO,CF,2009.64
AO,CG,1190.698
AO,CH,6522.67
AO,CI,3325.337
AO,CK,16398.876
AO,CL,9232.112
AO,CM,2153.55
AO,CN,10407.973
AO,CO,10342.356
AO,CR,11471.367
AO,CU,11039.016
AO,CV,5512.737
AO,CW,9931.823
AO,CX,9548.541
AO,CY,5405.652
AO,CZ,6789.181
AO,DE,6972.057
AO,DJ,3742.648
AO,DK,7541.938
AO,DM,9210.173
AO,DO,10202.368
AO,DZ,4699.096
AO,EC,10628.11
AO,EE,7788.065
AO,EG,4452.511
AO,EH,5164.133
AO,ER,3798.339
AO,ES,6161.16
AO,ET,3372.582
AO,FI,8160.291
AO,FJ,16318.746
AO,FK,8166.039
AO,FM,14810.574
AO,FO,8409.505
AO,FR,6574.64
AO,GA,1347.445
AO,GB,7665.742
AO,GD,9152.661
AO,GE,6493.674
AO,GF,8030.992
AO,GG,7035.264
AO,GH,2984.004
AO,GI,5799.804
AO,GL,10216.196
AO,GM,4572.566
AO,GN,3849.667
AO,GP,9324.195
AO,GQ,1658.317
AO,GR,5605.509
AO,GS,6720.364
AO,GT,12259.695
AO,GU,14254.101
AO,GW,4457.586
AO,GY,8681.318
AO,HK,11112.286
AO,HM,6761.699
AO,HN,11827.573
AO,HR,6266.345
AO,HT,10426.644
AO,HU,6491.93
AO,ID,10649.927
AO,IE,7599.82
AO,IL,5035.239
AO,IM,7576.94
AO,IN,7554.439
AO,IO,5951.611
AO,IQ,5646.278
AO,IR,6164.812
AO,IS,9009.731
AO,IT,5926.542
AO,JE,6997.984
AO,JM,10930.919
AO,JO,5044.165
AO,JP,13454.677
AO,KE,2538.283
AO,KG,8231.711
AO,KH,9970.032
AO,KI,18237.364
AO,KM,2832.432
AO,KN,9407.532
AO,KP,12470.439
AO,KR,12520.53
AO,KW,5511.611
AO,KY,11294.401
AO,KZ,8162.243
AO,LA,9876.988
AO,LB,5359.206
AO,LC,9129.498
AO,LI,6540.369
AO,LK,7273.611
AO,LR,3601.522
AO,LS,2310.93
AO,LT,7401.624
AO,LU,6880.995
AO,LV,7595.747
AO,LY,4174.595
AO,MA,5470.053
AO,MC,6200.201
AO,MD,6600.186
AO,ME,5996.619
AO,MF,9454.101
AO,MG,3221.192
AO,MH,17051.834
AO,MK,5885.726
AO,ML,4000.746
AO,MM,9270.52
AO,MN,10611.552
AO,MO,11051.546
AO,MP,14333.863
AO,MQ,9153.542
AO,MR,4768.698
AO,MS,9329.902
AO,MT,5254.602
AO,MU,4354.047
AO,MV,6327.402
AO,MW,1799.359
AO,MX,13588.975
AO,MY,9457.261
AO,MZ,2068.53
AO,NA,1308.725
AO,NC,14998.073
AO,NE,3379.28
AO,NF,14507.276
AO,NG,2474.349
AO,NI,11681.299
AO,NL,7145.256
AO,NO,8013.43
AO,NP,8363.799
AO,NR,16355.776
AO,NU,16545.297
AO,NZ,13758.763
AO,OM,5521.132
AO,PA,11127.216
AO,PE,10120.817
AO,PF,16512.905
AO,PG,13739.482
AO,PH,11769.388
AO,PK,7183.284
AO,PL,7019.924
AO,PM,9746.135
AO,PN,14528.937
AO,PR,9821.868
AO,PS,5142.019
AO,PT,6240.612
AO,PW,13070.887
AO,PY,8131.898
AO,QA,5435.319
AO,RE,4158.947
AO,RO,6393.839
AO,RS,6148.266
AO,RU,10966.332
AO,RW,1677.449
AO,SA,4895.325
AO,SB,15243.857
AO,SC,4202.032
AO,SD,3002.747
AO,SE,7931.925
AO,SG,9594.752
AO,SH,3278.087
AO,SI,6383.951
AO,SJ,9906.907
AO,SK,6659.852
AO,SL,3941.979
AO,SM,6156.3
AO,SN,4566.973
AO,SO,3623.723
AO,SR,8344.442
AO,SS,2500.178
AO,ST,1775.356
AO,SV,12090.835
AO,SX,9453.325
AO,SY,5578.933
AO,SZ,2220.314
AO,TC,10432.134
AO,TD,2965.614
AO,TF,6329.035
AO,TG,2900.743
AO,TH,9625.54
AO,TJ,7841.352
AO,TK,17527.493
AO,TL,16141.563
AO,TM,7052.278
AO,TN,5090.677
AO,TO,16141.563
AO,TR,5861.65
AO,TT,9072.188
AO,TV,16989.565
AO,TW,11825.319
AO,TZ,1944.764
AO,UA,6753.425
AO,UG,2120.318
AO,UM,16552.746
AO,US,12841.297
AO,US-AK,14158.985
AO,US-AL,12051.154
AO,US-AZ,14267.412
AO,US-AR,12506.588
AO,US-CA,14891.317
AO,US-CO,13663.744
AO,US-CT,10910.831
AO,US-DE,11078.568
AO,US-FL,11493.788
AO,US-GA,11695.677
AO,US-HI,18838.243
AO,US-ID,14206.189
AO,US-IL,12268.988
AO,US-IN,11993.963
AO,US-IA,12567.568
AO,US-KS,13057.892
AO,US-KY,11829.871
AO,US-LA,12532.412
AO,US-ME,10682.139
AO,US-MD,11175.895
AO,US-MA,10784.313
AO,US-MI,11944.011
AO,US-MN,12625.275
AO,US-MS,12285.706
AO,US-MO,12492.922
AO,US-MT,13769.742
AO,US-NE,13132.947
AO,US-NV,14562.581
AO,US-NH,10812.863
AO,US-NJ,10998.375
AO,US-NM,13797.25
AO,US-NY,10973.996
AO,US-NC,11350.358
AO,US-ND,13039.544
AO,US-OH,11720.643
AO,US-OK,12985.543
AO,US-OR,14634.909
AO,US-PA,11288.325
AO,US-RI,10777.953
AO,US-SC,11458.179
AO,US-SD,13100.017
AO,US-TN,12030.132
AO,US-TX,13274.931
AO,US-UT,14110.047
AO,US-VT,10914.172
AO,US-VA,11316.331
AO,US-WA,14420.997
AO,US-WV,11533.515
AO,US-WI,12200.724
AO,US-WY,13682.398
AO,UY,7814.74
AO,UZ,7549.728
AO,VA,5931.043
AO,VC,9137.772
AO,VE,9546.46
AO,VG,9625.918
AO,VI,9650.163
AO,VN,10351.047
AO,VU,15507.159
AO,WF,16781.312
AO,WS,17029.288
AO,XK,5990.84
AO,YE,4497.793
AO,YT,2972.428
AO,ZA,2214.871
AO,ZM,1105.24
AO,ZW,1489.359
AQ,AD,15256.951
AQ,AE,12469.72
AQ,AF,13448.286
AQ,AG,12662.895
AQ,AI,12786.232
AQ,AL,14878.953
AQ,AM,14421.087
AQ,AO,9130.65
AQ,AQ,0
AQ,AR,6491.453
AQ,AS,8118.543
AQ,AT,15649.558
AQ,AU,6403.727
AQ,AW,12116.925
AQ,AX,16969.391
AQ,AZ,14394.418
AQ,BA,15214.609
AQ,BB,12241.948
AQ,BD,12066.91
AQ,BE,16099.887
AQ,BF,11938.745
AQ,BG,14981.776
AQ,BH,12789.495
AQ,BI,9841.179
AQ,BJ,11575.344
AQ,BL,12753.778
AQ,BM,14344.307
AQ,BN,9767.139
AQ,BO,8949.617
AQ,BQ,12083.051
AQ,BR,9212.668
AQ,BS,13453.82
AQ,BT,12490.123
AQ,BV,4517.52
AQ,BW,7817.174
AQ,BY,16147.653
AQ,BZ,12486.473
AQ,CA,16566.923
AQ,CA-AB,16328.347
AQ,CA-BC,16190.831
AQ,CA-MB,16562.142
AQ,CA-NB,15906.787
AQ,CA-NL,16747.72
AQ,CA-NS,15781.452
AQ,CA-NT,17363.562
AQ,CA-NU,17704.45
AQ,CA-ON,16281.79
AQ,CA-PE,15907.996
AQ,CA-QC,16535.033
AQ,CA-SK,16504.573
AQ,CA-YT,17054.57
AQ,CC,8035.458
AQ,CD,10368.419
AQ,CF,11060.722
AQ,CG,10315.567
AQ,CH,15651.106
AQ,CI,11455.415
AQ,CK,7330.394
AQ,CL,6756.868
AQ,CM,11249.762
AQ,CN,13305.226
AQ,CO,11206.523
AQ,CR,11706.447
AQ,CU,13061.381
AQ,CV,12525.728
AQ,CW,12085.482
AQ,CX,8156.476
AQ,CY,14038.326
AQ,CZ,15889.736
AQ,DE,16100.645
AQ,DJ,11345.394
AQ,DK,16669.106
AQ,DM,12481.775
AQ,DO,12805.656
AQ,DZ,13654.075
AQ,EC,10468.081
AQ,EE,16717.636
AQ,EG,13160.211
AQ,EH,13365.246
AQ,ER,11754.08
AQ,ES,15082.899
AQ,ET,11078.76
AQ,FI,17066.058
AQ,FJ,7605.405
AQ,FK,5019.657
AQ,FM,10068.336
AQ,FO,17470.645
AQ,FR,15655.634
AQ,GA,10354.639
AQ,GB,16721.979
AQ,GD,12130.564
AQ,GE,14690.59
AQ,GF,11230.52
AQ,GG,16062.55
AQ,GH,11458.168
AQ,GI,14620.367
AQ,GL,18773.495
AQ,GM,12188.358
AQ,GN,11757.595
AQ,GP,12654.549
AQ,GQ,10641.507
AQ,GR,14628.795
AQ,GS,4694.172
AQ,GT,12313.516
AQ,GU,10720.145
AQ,GW,12005.531
AQ,GY,11317.917
AQ,HK,11754.209
AQ,HM,3781.517
AQ,HN,12287.767
AQ,HR,15376.33
AQ,HT,12818.24
AQ,HU,15546.741
AQ,ID,9179.596
AQ,IE,16554.412
AQ,IL,13570.045
AQ,IM,16608.263
AQ,IN,11842.406
AQ,IO,8948.581
AQ,IQ,13687.716
AQ,IR,13463.534
AQ,IS,17917.39
AQ,IT,15054.781
AQ,JE,16031.162
AQ,JM,12686.766
AQ,JO,13500.25
AQ,JP,13240.888
AQ,KE,10102.703
AQ,KG,14165.097
AQ,KH,10715.281
AQ,KI,9194.855
AQ,KM,8713.053
AQ,KN,12691.657
AQ,KP,13705.659
AQ,KR,13212.5
AQ,KW,13205.026
AQ,KY,12816.153
AQ,KZ,15006.606
AQ,LA,11541.658
AQ,LB,13865.068
AQ,LC,12316.05
AQ,LI,15670.954
AQ,LK,10415.391
AQ,LR,11365.36
AQ,LS,6968.663
AQ,LT,16361.852
AQ,LU,16004.957
AQ,LV,16537.587
AQ,LY,13285.184
AQ,MA,14155.799
AQ,MC,15322.154
AQ,MD,15454.963
AQ,ME,15060.1
AQ,MF,12770.974
AQ,MG,7911.708
AQ,MH,10158.413
AQ,MK,14908.215
AQ,ML,12552.588
AQ,MM,11820.882
AQ,MN,14526.96
AQ,MO,11734.963
AQ,MP,11153.596
AQ,MQ,12397.22
AQ,MR,12994.225
AQ,MS,12625.878
AQ,MT,14379.308
AQ,MU,7590.472
AQ,MV,9987.006
AQ,MW,8691.862
AQ,MX,13044.702
AQ,MY,9809.753
AQ,MZ,8078.379
AQ,NA,7824.66
AQ,NC,7005.715
AQ,NE,12431.065
AQ,NF,6121.609
AQ,NG,11481.534
AQ,NI,12038.725
AQ,NL,16268.834
AQ,NO,17139.016
AQ,NP,12649.441
AQ,NR,9276.495
AQ,NU,7447.687
AQ,NZ,4870.569
AQ,OM,12231.036
AQ,PA,11597.585
AQ,PE,9674.395
AQ,PF,7859.579
AQ,PG,8521.582
AQ,PH,10666.652
AQ,PK,13035.329
AQ,PL,16071.486
AQ,PM,16003.141
AQ,PN,7386.922
AQ,PR,12768.982
AQ,PS,13664.488
AQ,PT,15007.768
AQ,PW,10049.566
AQ,PY,8173.738
AQ,QA,12718.64
AQ,RE,7533.473
AQ,RO,15340.462
AQ,RS,15182.19
AQ,RU,16140.925
AQ,RW,9999.946
AQ,SA,12640.602
AQ,SB,8218.535
AQ,SC,9346.958
AQ,SD,11629.204
AQ,SE,16969.455
AQ,SG,9479.065
AQ,SH,7979.704
AQ,SI,15494.25
AQ,SJ,18762.696
AQ,SK,15709.049
AQ,SL,11609.465
AQ,SM,15283.681
AQ,SN,12299.177
AQ,SO,10559.416
AQ,SR,11222.121
AQ,SS,10953.995
AQ,ST,10520.199
AQ,SV,12106.562
AQ,SX,12766.511
AQ,SY,13925.96
AQ,SZ,7266.6
AQ,TC,13123.611
AQ,TD,12065.304
AQ,TF,4251.782
AQ,TG,11514.375
AQ,TH,11110.558
AQ,TJ,13947.448
AQ,TK,8540.255
AQ,TL,7152.658
AQ,TM,14105.363
AQ,TN,14212.067
AQ,TO,7152.658
AQ,TR,14434.907
AQ,TT,11957.537
AQ,TV,8636.848
AQ,TW,11871.594
AQ,TZ,9443.648
AQ,UA,15522.435
AQ,UG,10333.301
AQ,UM,11471.889
AQ,US,14609.691
AQ,US-AK,16733.374
AQ,US-AL,14176.285
AQ,US-AZ,14085.656
AQ,US-AR,14444.132
AQ,US-CA,14274.703
AQ,US-CO,14759.233
AQ,US-CT,15322.506
AQ,US-DE,15006.041
AQ,US-FL,13711.688
AQ,US-GA,14213.43
AQ,US-HI,11894.687
AQ,US-ID,15138.08
AQ,US-IL,15069.513
AQ,US-IN,15062.349
AQ,US-IA,15166.861
AQ,US-KS,14789.38
AQ,US-KY,14812.142
AQ,US-LA,13963.894
AQ,US-ME,15751.974
AQ,US-MD,15012.252
AQ,US-MA,15423.611
AQ,US-MI,15514.423
AQ,US-MN,15682.917
AQ,US-MS,14155.231
AQ,US-MO,14749.143
AQ,US-MT,15504.456
AQ,US-NE,15045.583
AQ,US-NV,14537.699
AQ,US-NH,15509.457
AQ,US-NJ,15141.669
AQ,US-NM,14209.542
AQ,US-NY,15217.135
AQ,US-NC,14619.221
AQ,US-ND,15711.07
AQ,US-OH,15109.881
AQ,US-OK,14364.22
AQ,US-OR,15030.213
AQ,US-PA,15216.441
AQ,US-RI,15331.306
AQ,US-SC,14387.515
